"CategoryID","ProductCategory","total_product_sales","total_revenue"
1,Bikes,90268,94651172.70471899
2,Components,49044,11802593.286430443
3,Clothing,73670,2120542.524800807
4,Accessories,61932,1272072.8839257872
